Ticker,Company,Sector,Industry,Country,Market Cap,P/E,Price,Change,Volume
AAL,American Airlines Group Inc,Industrials,Airlines,USA,7.02B,9.63,10.68,0.05%,"11,906,079"
AAMI,Acadian Asset Management Inc,Financial,Asset Management,USA,907.30M,10.84,24.20,1.13%,"26,242"
ABG,Asbury Automotive Group Inc,Consumer Cyclical,Auto & Truck Dealerships,USA,4.44B,10.49,225.79,-0.54%,"30,519"
ABR,Arbor Realty Trust Inc,Real Estate,REIT - Mortgage,USA,2.35B,10.91,12.40,2.81%,"844,155"
ACHC,Acadia Healthcare Company Inc,Healthcare,Medical Care Facilities,USA,2.72B,10.53,29.23,3.77%,"246,940"
ACI,Albertsons Companies Inc,Consumer Defensive,Grocery Stores,USA,12.29B,11.93,21.22,0.13%,"280,052"
ACIC,American Coastal Insurance Corp,Financial,Insurance - Property & Casualty,USA,574.40M,7.60,11.90,0.63%,"7,012"
ADM,Archer Daniels Midland Co,Consumer Defensive,Farm Products,USA,22.63B,13.06,47.17,-0.17%,"548,974"
ADT,ADT Inc,Industrials,Security & Protection Services,USA,6.53B,14.12,7.45,1.71%,"1,774,789"
AEO,American Eagle Outfitters Inc,Consumer Cyclical,Apparel Retail,USA,2.08B,6.45,10.80,-1.60%,"1,350,440"
AES,AES Corp,Utilities,Utilities - Diversified,USA,8.64B,5.11,12.13,-1.19%,"2,463,827"
AFG,American Financial Group Inc,Financial,Insurance - Property & Casualty,USA,10.58B,11.92,126.01,0.81%,"35,693"
AGNC,AGNC Investment Corp,Real Estate,REIT - Mortgage,USA,9.31B,10.59,10.17,1.29%,"4,538,085"
AGRO,Adecoagro S.A,Consumer Defensive,Farm Products,Luxembourg,1.12B,7.18,10.79,0.65%,"284,315"
AIZ,Assurant Inc,Financial,Insurance - Property & Casualty,USA,10.49B,14.28,206.57,1.24%,"32,642"
AKO-A,Embotelladora Andina S.A. ADR,Consumer Defensive,Beverages - Non-Alcoholic,Chile,1.27B,10.71,16.13,4.47%,22
AKO-B,Embotelladora Andina S.A. ADR,Consumer Defensive,Beverages - Non-Alcoholic,Chile,1.75B,13.41,22.21,0.62%,"4,703"
AL,Air Lease Corp,Industrials,Rental & Leasing Services,USA,5.07B,13.67,45.51,2.22%,"81,575"
ALL,Allstate Corp,Financial,Insurance - Property & Casualty,USA,53.94B,11.98,203.53,0.76%,"215,550"
ALLY,Ally Financial Inc,Financial,Credit Services,USA,10.35B,12.97,33.69,2.12%,"296,728"
ALV,Autoliv Inc,Consumer Cyclical,Auto Parts,Sweden,7.02B,11.21,90.31,3.00%,"552,866"
AMKR,AMKOR Technology Inc,Technology,Semiconductor Equipment & Materials,USA,4.76B,13.52,19.31,1.70%,"248,757"
AMPH,Amphastar Pharmaceuticals Inc,Healthcare,Drug Manufacturers - Specialty & Generic,USA,1.26B,8.64,26.45,0.80%,"82,071"
AMPY,Amplify Energy Corp,Energy,Oil & Gas E&P,USA,152.88M,12.76,3.79,1.08%,"71,275"
AMR,Alpha Metallurgical Resources Inc,Basic Materials,Coking Coal,USA,1.74B,9.38,133.34,0.89%,"42,923"
AMRC,Ameresco Inc,Industrials,Engineering & Construction,USA,538.55M,9.64,10.25,2.50%,"155,633"
AMRK,A-Mark Precious Metals Inc,Financial,Capital Markets,USA,638.20M,13.47,27.73,1.56%,"16,930"
AMS,American Shared Hospital Services,Healthcare,Medical Care Facilities,USA,18.13M,4.73,2.83,-0.53%,"3,395"
AMWD,American Woodmark Corp,Consumer Cyclical,"Furnishings, Fixtures & Appliances",USA,867.39M,9.04,58.47,0.86%,"7,861"
AN,Autonation Inc,Consumer Cyclical,Auto & Truck Dealerships,USA,6.24B,9.39,159.05,1.52%,"69,687"
ANDE,Andersons Inc,Consumer Defensive,Food Distribution,USA,1.41B,12.42,41.41,0.78%,"25,786"
ANF,Abercrombie & Fitch Co,Consumer Cyclical,Apparel Retail,USA,3.93B,7.29,78.04,2.79%,"410,222"
APA,APA Corporation,Energy,Oil & Gas E&P,USA,7.08B,8.66,19.46,2.20%,"736,948"
APOG,Apogee Enterprises Inc,Industrials,Building Products & Equipment,USA,1.04B,10.59,47.35,1.69%,"11,393"
APTV,Aptiv PLC,Consumer Cyclical,Auto Parts,Switzerland,14.56B,9.23,63.44,2.04%,"551,579"
ARCB,ArcBest Corp,Industrials,Trucking,USA,1.71B,10.12,73.91,1.20%,"59,635"
ARCO,Arcos Dorados Holdings Inc,Consumer Cyclical,Restaurants,USA,1.68B,11.51,7.99,0.82%,"603,831"
ARDT,Ardent Health Partners Inc,Healthcare,Medical Care Facilities,USA,1.95B,9.29,13.68,3.18%,"41,339"
ARLP,"Alliance Resource Partners, LP",Energy,Thermal Coal,USA,3.19B,8.96,24.84,1.53%,"27,184"
AROW,Arrow Financial Corp,Financial,Banks - Regional,USA,436.46M,14.71,26.08,0.75%,"1,535"
ARW,Arrow Electronics Inc,Technology,Electronics & Computer Distribution,USA,5.39B,14.19,103.24,1.28%,"29,490"
ASC,Ardmore Shipping Corp,Industrials,Marine Shipping,Bermuda,396.03M,3.20,9.79,-0.62%,"68,637"
ASIX,AdvanSix Inc,Basic Materials,Chemicals,USA,639.18M,14.77,23.90,1.44%,"13,956"
ASO,Academy Sports and Outdoors Inc,Consumer Cyclical,Specialty Retail,USA,3.06B,7.25,44.08,0.59%,"224,147"
ATKR,Atkore Inc,Industrials,Electrical Equipment & Parts,USA,2.21B,6.21,64.16,2.54%,"67,242"
ATLC,Atlanticus Holdings Corp,Financial,Credit Services,USA,697.60M,10.64,47.33,8.28%,"13,294"
AVT,Avnet Inc,Technology,Electronics & Computer Distribution,USA,4.10B,13.42,47.35,1.58%,"105,561"
AX,Axos Financial Inc,Financial,Banks - Regional,USA,3.56B,8.39,62.42,1.28%,"47,481"
AXS,Axis Capital Holdings Ltd,Financial,Insurance - Specialty,Bermuda,7.49B,7.51,92.71,1.21%,"84,649"
BAC,Bank Of America Corp,Financial,Banks - Diversified,USA,309.24B,12.65,40.67,2.51%,"9,343,258"
BBAR,BBVA Argentina ADR,Financial,Banks - Regional,Argentina,3.83B,10.75,18.74,3.08%,"78,410"
BBD,Banco Bradesco S.A. ADR,Financial,Banks - Regional,Brazil,11.30B,7.05,2.13,4.66%,"14,806,261"
BBVA,Banco Bilbao Vizcaya Argentaria S.A. ADR,Financial,Banks - Diversified,Spain,82.46B,7.67,14.32,3.80%,"348,836"
BBW,Build A Bear Workshop Inc,Consumer Cyclical,Specialty Retail,USA,478.08M,9.33,35.57,0.63%,"70,815"
BBWI,Bath & Body Works Inc,Consumer Cyclical,Specialty Retail,USA,6.30B,7.09,29.09,2.27%,"798,667"
BCBP,BCB Bancorp Inc (NJ),Financial,Banks - Regional,USA,168.19M,9.97,9.80,1.24%,"11,908"
BCC,Boise Cascade Co,Basic Materials,Building Materials,USA,3.71B,10.23,97.70,1.37%,"26,473"
BCS,Barclays plc ADR,Financial,Banks - Diversified,United Kingdom,55.40B,5.57,15.44,2.69%,"3,118,633"
BFH,Bread Financial Holdings Inc,Financial,Credit Services,USA,2.40B,8.85,48.88,2.80%,"159,173"
BFST,Business First Bancshares Inc,Financial,Banks - Regional,USA,715.36M,10.68,24.21,1.20%,"3,459"
BG,Bunge Global SA,Consumer Defensive,Farm Products,USA,9.86B,9.10,73.58,-0.01%,"203,043"
BHF,Brighthouse Financial Inc,Financial,Insurance - Life,USA,3.15B,10.49,54.24,1.76%,"30,688"
BIDU,Baidu Inc ADR,Communication Services,Internet Content & Information,China,26.33B,10.06,94.08,-0.19%,"1,371,842"
BK,Bank Of New York Mellon Corp,Financial,Banks - Diversified,USA,58.03B,13.92,80.82,1.46%,"838,650"
BKE,"Buckle, Inc",Consumer Cyclical,Apparel Retail,USA,1.83B,9.14,36.01,2.45%,"126,411"
BKR,Baker Hughes Co,Energy,Oil & Gas Equipment & Services,USA,42.20B,14.31,42.62,2.11%,"505,234"
BKU,BankUnited Inc,Financial,Banks - Regional,USA,2.52B,10.95,33.73,2.31%,"110,208"
BLBD,Blue Bird Corp,Industrials,Farm & Heavy Construction Machinery,USA,1.10B,10.59,34.23,2.16%,"55,625"
BLD,TopBuild Corp,Industrials,Engineering & Construction,USA,8.72B,14.69,298.51,1.13%,"90,218"
BLDR,Builders Firstsource Inc,Industrials,Building Products & Equipment,USA,14.15B,13.77,124.52,1.40%,"313,068"
BLX,Banco Latinoamericano De Comercio Exterior SA,Financial,Banks - Regional,Panama,1.31B,6.99,38.24,1.50%,"7,032"
BMO,Bank of Montreal,Financial,Banks - Diversified,Canada,70.35B,12.54,96.54,1.71%,"79,616"
BNS,Bank Of Nova Scotia,Financial,Banks - Diversified,Canada,59.41B,13.44,47.70,1.04%,"111,635"
BOKF,BOK Financial Corp,Financial,Banks - Regional,USA,6.44B,12.32,100.29,1.21%,"9,563"
BORR,Borr Drilling Ltd,Energy,Oil & Gas Drilling,Bermuda,526.13M,7.21,2.13,0.23%,"1,017,020"
BPOP,Popular Inc,Financial,Banks - Regional,USA,6.21B,10.42,89.18,1.53%,"82,211"
BRKL,"Brookline Bancorp, Inc",Financial,Banks - Regional,USA,968.57M,14.13,10.87,1.40%,"56,772"
BRY,Berry Corp,Energy,Oil & Gas E&P,USA,248.89M,3.01,3.23,0.47%,"625,032"
BSRR,Sierra Bancorp,Financial,Banks - Regional,USA,399.52M,10.15,28.61,2.03%,"1,222"
BTU,Peabody Energy Corp,Energy,Thermal Coal,USA,1.61B,4.92,13.24,1.81%,"410,499"
BWB,Bridgewater Bancshares Inc,Financial,Banks - Regional,USA,383.59M,13.50,13.90,1.31%,"2,380"
BWMX,Betterware de Mexico S.A.P.I. de C.V,Consumer Cyclical,Specialty Retail,Mexico,416.83M,10.45,11.17,0.81%,767
BXC,Bluelinx Hldgs Inc,Industrials,Industrial Distribution,USA,665.05M,13.03,80.18,2.30%,"12,601"
BY,Byline Bancorp Inc,Financial,Banks - Regional,USA,1.17B,9.53,26.20,1.18%,"8,068"
BYD,Boyd Gaming Corp,Consumer Cyclical,Resorts & Casinos,USA,5.64B,10.84,67.34,2.05%,"132,102"
BZH,Beazer Homes USA Inc,Consumer Cyclical,Residential Construction,USA,659.35M,5.37,21.13,0.34%,"48,638"
C,Citigroup Inc,Financial,Banks - Diversified,USA,128.73B,11.49,68.31,1.60%,"2,939,971"
CAAP,Corporacion America Airports S.A,Industrials,Airports & Air Services,Luxembourg,2.94B,8.45,18.28,1.94%,"35,592"
CADE,Cadence Bank,Financial,Banks - Regional,USA,5.37B,10.61,29.39,0.10%,"111,070"
CAKE,Cheesecake Factory Inc,Consumer Cyclical,Restaurants,USA,2.35B,14.21,45.47,1.33%,"151,646"
CAL,Caleres Inc,Consumer Cyclical,Apparel Retail,USA,517.22M,3.43,15.38,0.72%,"73,216"
CBAN,"Colony Bankcorp, Inc",Financial,Banks - Regional,USA,280.78M,11.78,16.02,1.07%,"7,872"
CBAT,CBAK Energy Technology Inc,Industrials,Electrical Equipment & Parts,China,76.45M,6.67,0.85,-0.16%,"19,679"
CBFV,CB Financial Services Inc,Financial,Banks - Regional,USA,140.34M,11.45,27.39,-0.69%,57
CBNK,Capital Bancorp Inc,Financial,Banks - Regional,USA,466.93M,13.22,28.20,1.08%,"1,958"
CBT,Cabot Corp,Basic Materials,Specialty Chemicals,USA,4.49B,10.97,82.77,1.41%,"38,711"
CCL,Carnival Corp,Consumer Cyclical,Travel Services,USA,25.23B,13.99,19.48,1.86%,"6,350,460"
CCNE,CNB Financial Corp (PA),Financial,Banks - Regional,USA,475.67M,9.51,22.67,1.26%,"27,332"
CCS,Century Communities Inc,Real Estate,Real Estate - Development,USA,2.09B,6.48,67.43,0.03%,"28,900"
CCSI,Consensus Cloud Solutions Inc,Technology,Software - Infrastructure,USA,460.02M,5.10,23.56,0.55%,"16,517"
CENX,Century Aluminum Co,Basic Materials,Aluminum,USA,1.83B,6.10,19.84,2.29%,"338,580"
CFFN,Capitol Federal Financial,Financial,Banks - Regional,USA,745.59M,14.36,5.61,0.99%,"40,574"
CFG,Citizens Financial Group Inc,Financial,Banks - Regional,USA,17.59B,13.29,40.24,1.28%,"529,720"
CHMG,Chemung Financial Corp,Financial,Banks - Regional,USA,230.22M,9.75,48.38,0.79%,557
CHRD,Chord Energy Corp,Energy,Oil & Gas E&P,USA,6.26B,6.60,104.99,1.62%,"67,970"
CHTR,Charter Communications Inc,Communication Services,Telecom Services,USA,55.72B,9.99,351.68,1.82%,"256,284"
CIB,Bancolombia S.A. ADR,Financial,Banks - Regional,Colombia,4.77B,12.55,42.22,1.56%,"40,864"
CIG,Cia Energetica DE Minas Gerais - Cemig ADR,Utilities,Utilities - Diversified,Brazil,3.65B,3.58,1.91,-1.29%,"967,918"
CIM,Chimera Investment Corp,Real Estate,REIT - Mortgage,USA,1.10B,12.57,13.57,1.90%,"57,745"
CIVB,Civista Bancshares Inc,Financial,Banks - Regional,USA,297.37M,9.54,19.21,0.10%,"2,899"
CIVI,Civitas Resources Inc,Energy,Oil & Gas E&P,USA,3.05B,3.87,32.81,0.55%,"323,694"
CLCO,Cool Company Ltd,Energy,Oil & Gas Midstream,Bermuda,294.71M,3.17,5.49,-0.81%,"17,187"
CM,Canadian Imperial Bank Of Commerce,Financial,Banks - Diversified,Canada,52.48B,10.01,55.83,1.42%,"118,726"
CMA,"Comerica, Inc",Financial,Banks - Regional,USA,7.48B,11.35,56.96,-0.18%,"199,800"
CMBT,CMB.Tech NV,Energy,Oil & Gas Midstream,Belgium,1.76B,1.53,9.06,0.22%,"9,958"
CMCSA,Comcast Corp,Communication Services,Telecom Services,USA,133.47B,8.51,35.30,1.73%,"6,927,349"
CMI,Cummins Inc,Industrials,Specialty Industrial Machinery,USA,43.80B,11.31,318.60,1.82%,"121,893"
CMPR,Cimpress plc,Industrials,Specialty Business Services,Ireland,1.03B,6.90,41.63,-0.75%,"25,333"
CMRE,Costamare Inc,Industrials,Marine Shipping,Monaco,1.22B,4.16,10.15,-0.44%,"55,110"
CMT,Core Molding Technologies,Basic Materials,Specialty Chemicals,USA,120.48M,7.95,13.98,2.83%,"4,115"
CNA,CNA Financial Corp,Financial,Insurance - Property & Casualty,USA,13.15B,13.80,48.54,0.96%,"39,923"
CNC,Centene Corp,Healthcare,Healthcare Plans,USA,28.60B,9.23,57.65,-0.53%,"1,178,740"
CNH,CNH Industrial NV,Industrials,Farm & Heavy Construction Machinery,United Kingdom,16.11B,12.40,12.90,2.83%,"5,234,992"
CNK,Cinemark Holdings Inc,Communication Services,Entertainment,USA,2.97B,11.96,24.27,1.71%,"921,419"
CNMD,Conmed Corp,Healthcare,Medical Devices,USA,1.82B,13.85,58.88,0.67%,"27,147"
CNO,CNO Financial Group Inc,Financial,Insurance - Life,USA,3.98B,10.55,39.49,1.80%,"66,197"
CNOB,ConnectOne Bancorp Inc,Financial,Banks - Regional,USA,892.20M,13.25,23.25,1.48%,"27,881"
CNR,Core Natural Resources Inc,Energy,Thermal Coal,USA,3.95B,7.61,73.17,0.90%,"113,697"
CNXC,Concentrix Corp,Technology,Information Technology Services,USA,2.83B,11.83,43.92,1.39%,"128,237"
COF,Capital One Financial Corp,Financial,Credit Services,USA,64.69B,14.64,169.65,2.12%,"734,787"
COFS,"Choiceone Financial Services, Inc",Financial,Banks - Regional,USA,254.90M,8.74,28.42,-0.35%,"6,883"
COLB,"Columbia Banking System, Inc",Financial,Banks - Regional,USA,5.15B,9.64,24.58,2.67%,"225,666"
CPAC,Cementos Pacasmayo S.A.A. ADR,Basic Materials,Building Materials,Peru,483.11M,9.15,5.70,-0.89%,128
CPSS,"Consumer Portfolio Service, Inc",Financial,Credit Services,USA,187.52M,11.10,8.74,2.76%,886
CRBG,Corebridge Financial Inc,Financial,Asset Management,USA,17.32B,8.09,31.15,1.96%,"245,433"
CRC,California Resources Corporation,Energy,Oil & Gas E&P,USA,3.94B,10.55,43.35,3.09%,"110,624"
CRI,Carters Inc,Consumer Cyclical,Apparel Retail,USA,1.42B,7.69,39.42,-1.15%,"147,030"
CRNT,Ceragon Networks Ltd,Technology,Communication Equipment,Israel,233.56M,10.00,2.72,5.02%,"295,641"
CROX,Crocs Inc,Consumer Cyclical,Footwear & Accessories,USA,5.56B,6.21,99.18,-0.82%,"271,399"
CUBI,Customers Bancorp Inc,Financial,Banks - Regional,USA,1.56B,9.75,49.58,1.00%,"36,016"
CUK,Carnival plc ADR,Consumer Cyclical,Travel Services,United Kingdom,2.58B,12.73,17.73,1.99%,"329,245"
CVE,Cenovus Energy Inc,Energy,Oil & Gas Integrated,Canada,24.20B,11.01,13.27,1.53%,"1,514,658"
CX,Cemex S.A.B. De C.V. ADR,Basic Materials,Building Materials,Mexico,8.99B,9.31,5.95,1.36%,"2,723,658"
CZFS,"Citizens Financial Services, Inc",Financial,Banks - Regional,USA,264.67M,9.50,55.61,-1.07%,969
CZNC,Citizens & Northern Corp,Financial,Banks - Regional,USA,310.71M,11.91,20.09,1.52%,"1,955"
CZWI,Citizens Community Bancorp Inc MD,Financial,Banks - Regional,USA,138.97M,10.35,13.85,0.51%,"1,545"
DAC,Danaos Corporation,Industrials,Marine Shipping,Greece,1.46B,3.01,78.04,-0.90%,"20,496"
DAL,"Delta Air Lines, Inc",Industrials,Airlines,USA,28.94B,8.40,44.80,2.00%,"2,827,982"
DB,Deutsche Bank AG,Financial,Banks - Regional,Germany,45.75B,11.66,24.11,4.92%,"1,399,792"
DDI,DoubleDown Interactive Co Ltd ADR,Communication Services,Electronic Gaming & Multimedia,South Korea,488.56M,3.98,9.86,2.87%,531
DEC,Diversified Energy Company Plc,Energy,Oil & Gas E&P,USA,602.06M,3.93,11.84,1.11%,"68,147"
DENN,Denny's Corp,Consumer Cyclical,Restaurants,USA,201.28M,9.50,3.90,-0.26%,"239,403"
DFH,Dream Finders Homes Inc,Consumer Cyclical,Residential Construction,USA,2.24B,7.48,24.00,2.56%,"46,006"
DFIN,Donnelley Financial Solutions Inc,Technology,Software - Application,USA,1.25B,14.22,43.57,0.23%,"14,816"
DFS,Discover Financial Services,Financial,Credit Services,USA,41.05B,10.48,163.16,2.47%,"181,974"
DG,Dollar General Corp,Consumer Defensive,Discount Stores,USA,17.23B,12.90,78.33,-2.03%,"1,045,695"
DGICA,Donegal Group Inc,Financial,Insurance - Property & Casualty,USA,638.09M,12.09,18.32,1.05%,"8,416"
DHI,D.R. Horton Inc,Consumer Cyclical,Residential Construction,USA,39.63B,8.89,125.76,0.38%,"667,971"
DIN,Dine Brands Global Inc,Consumer Cyclical,Restaurants,USA,377.68M,5.87,24.76,1.31%,"81,149"
DKS,"Dicks Sporting Goods, Inc",Consumer Cyclical,Specialty Retail,USA,15.45B,13.50,189.66,1.67%,"392,905"
DLNG,Dynagas LNG Partners LP,Energy,Oil & Gas Midstream,Greece,143.08M,2.77,3.89,2.10%,"4,427"
DLX,Deluxe Corp,Industrials,Conglomerates,USA,699.12M,13.33,15.73,0.74%,"33,383"
DOLE,Dole plc,Consumer Defensive,Farm Products,Ireland,1.34B,10.73,14.12,0.12%,"61,524"
DVA,DaVita Inc,Healthcare,Medical Care Facilities,USA,11.43B,13.30,142.94,1.29%,"110,446"
DVN,Devon Energy Corp,Energy,Oil & Gas E&P,USA,22.06B,7.43,33.99,0.59%,"1,499,888"
DXLG,Destination XL Group Inc,Consumer Cyclical,Apparel Retail,USA,99.11M,11.90,1.83,0.83%,"19,103"
EBMT,Eagle Bancorp Montana Inc,Financial,Banks - Regional,USA,136.28M,13.66,17.00,1.01%,501
EBR,Centrais Eletricas Brasileiras S.A. ADR,Utilities,Utilities - Renewable,Brazil,13.74B,8.51,6.99,2.04%,"445,570"
EC,Ecopetrol SA ADR,Energy,Oil & Gas Integrated,Colombia,20.66B,5.63,10.05,2.76%,"524,441"
ECG,Everus Construction Group,Industrials,Engineering & Construction,USA,2.04B,14.19,39.92,5.64%,"51,475"
ECO,Okeanis Eco Tankers Corp,Industrials,Marine Shipping,Greece,682.70M,6.37,21.55,0.51%,"19,674"
EFSI,"Eagle Financial Services, Inc",Financial,Banks - Regional,USA,166.66M,7.55,32.60,0.15%,"4,013"
EG,Everest Group Ltd,Financial,Insurance - Reinsurance,Bermuda,15.23B,11.15,354.70,1.46%,"42,834"
EGY,"VAALCO Energy, Inc",Energy,Oil & Gas E&P,USA,451.91M,5.00,4.30,13.46%,"626,169"
EIG,Employers Holdings Inc,Financial,Insurance - Specialty,USA,1.21B,10.58,49.82,0.37%,"9,786"
ELP,Cia Paranaense De Energia Copel ADR,Utilities,Utilities - Regulated Electric,Brazil,596.61M,2.25,7.11,2.23%,"20,018"
EMBC,Embecta Corp,Healthcare,Medical Instruments & Supplies,USA,750.06M,12.83,12.90,-0.75%,"54,718"
EMN,Eastman Chemical Co,Basic Materials,Specialty Chemicals,USA,10.53B,11.89,91.42,0.97%,"131,745"
ENS,Enersys,Industrials,Electrical Equipment & Parts,USA,3.73B,11.70,94.54,0.60%,"36,849"
ENVA,Enova International Inc,Financial,Credit Services,USA,2.32B,12.09,89.92,3.13%,"75,785"
EPD,Enterprise Products Partners L P,Energy,Oil & Gas Midstream,USA,72.40B,12.43,33.43,1.40%,"617,022"
EQH,Equitable Holdings Inc,Financial,Asset Management,USA,15.64B,13.29,50.80,2.54%,"377,492"
EQNR,Equinor ASA ADR,Energy,Oil & Gas Integrated,Norway,65.62B,7.71,24.00,0.92%,"548,073"
ESEA,Euroseas Ltd,Industrials,Marine Shipping,Greece,227.63M,2.00,32.30,-0.62%,"9,095"
ET,Energy Transfer LP,Energy,Oil & Gas Midstream,USA,63.98B,14.50,18.65,2.61%,"3,141,106"
ETD,"Ethan Allen Interiors, Inc",Consumer Cyclical,"Furnishings, Fixtures & Appliances",USA,671.10M,11.06,26.39,0.19%,"32,058"
EZPW,"EZCorp, Inc",Financial,Credit Services,USA,730.13M,11.90,13.29,1.14%,"67,739"
F,Ford Motor Co,Consumer Cyclical,Auto Manufacturers,USA,38.50B,6.65,9.72,1.94%,"28,877,933"
FBIZ,First Business Financial Services Inc,Financial,Banks - Regional,USA,389.04M,8.98,46.87,0.40%,"3,343"
FCCO,First Community Corp,Financial,Banks - Regional,USA,171.76M,12.40,22.48,3.55%,"16,441"
FCNCA,"First Citizens Bancshares, Inc (NC)",Financial,Banks - Regional,USA,23.70B,9.29,1759.59,1.20%,"15,769"
FDP,Fresh Del Monte Produce Inc,Consumer Defensive,Farm Products,USA,1.44B,10.13,30.01,-0.33%,"18,719"
FFBC,First Financial Bancorp,Financial,Banks - Regional,USA,2.35B,10.25,24.59,1.40%,"40,448"
FG,F&G Annuities & Life Inc,Financial,Insurance - Life,USA,5.24B,8.70,41.35,2.68%,"11,132"
FGBI,First Guaranty Bancshares Inc,Financial,Banks - Regional,USA,85.03M,8.12,6.80,1.49%,"3,677"
FHI,Federated Hermes Inc,Financial,Asset Management,USA,3.09B,11.93,38.06,1.27%,"57,299"
FHN,First Horizon Corporation,Financial,Banks - Regional,USA,9.79B,13.84,18.77,1.68%,"946,518"
FINV,FinVolution Group ADR,Financial,Credit Services,China,1.27B,7.52,8.71,4.94%,"257,354"
FITB,Fifth Third Bancorp,Financial,Banks - Regional,USA,25.47B,12.16,38.12,1.72%,"718,135"
FLEX,Flex Ltd,Technology,Electronic Components,USA,13.16B,13.91,34.35,2.20%,"625,211"
FLR,Fluor Corporation,Industrials,Engineering & Construction,USA,6.16B,2.99,36.48,4.40%,"431,214"
FLXS,"Flexsteel Industries, Inc",Consumer Cyclical,"Furnishings, Fixtures & Appliances",USA,207.56M,11.00,39.39,1.05%,"1,411"
FMAO,Farmers & Merchants Bancorp Inc,Financial,Banks - Regional,USA,328.53M,12.80,23.98,2.22%,"1,204"
FMBH,First Mid Bancshares Inc,Financial,Banks - Regional,USA,847.53M,10.72,35.34,1.03%,"3,169"
FMNB,Farmers National Banc Corp,Financial,Banks - Regional,USA,491.62M,10.68,13.07,-0.23%,"4,001"
FNB,F.N.B. Corp,Financial,Banks - Regional,USA,4.79B,10.53,13.32,1.64%,"305,892"
FNF,Fidelity National Financial Inc,Financial,Insurance - Specialty,USA,17.54B,13.70,63.78,0.91%,"144,848"
FOR,Forestar Group Inc,Real Estate,Real Estate - Development,USA,1.07B,5.93,21.17,0.50%,"9,113"
FOX,Fox Corporation,Communication Services,Entertainment,USA,22.56B,10.24,47.85,1.55%,"157,558"
FOXA,Fox Corporation,Communication Services,Entertainment,USA,22.55B,11.08,51.80,1.50%,"477,302"
FRBA,First Bank (NJ),Financial,Banks - Regional,USA,369.35M,8.82,14.69,1.07%,363
FRO,Frontline Plc,Energy,Oil & Gas Midstream,Cyprus,3.41B,6.89,15.34,-1.89%,"1,043,349"
FSBW,FS Bancorp Inc,Financial,Banks - Regional,USA,283.38M,8.25,36.25,0.06%,"2,526"
FSFG,First Savings Financial Group Inc,Financial,Banks - Regional,USA,174.80M,9.22,25.28,0.76%,509
FSM,Fortuna Mining Corp,Basic Materials,Gold,Canada,1.68B,13.53,5.47,0.83%,"2,740,697"
FSTR,L.B. Foster Co,Industrials,Railroads,USA,219.46M,5.23,20.41,2.56%,983
FSUN,Firstsun Capital Bancorp,Financial,Banks - Regional,USA,1.07B,14.25,38.38,0.24%,"2,502"
FTDR,Frontdoor Inc,Consumer Cyclical,Personal Services,USA,2.83B,12.51,37.83,1.71%,"118,325"
FTI,TechnipFMC plc,Energy,Oil & Gas Equipment & Services,USA,11.37B,14.10,27.03,2.02%,"548,137"
FULT,Fulton Financial Corp,Financial,Banks - Regional,USA,3.24B,11.31,17.78,1.63%,"106,629"
FUNC,First United Corp,Financial,Banks - Regional,USA,195.87M,9.62,30.28,3.01%,"1,925"
FVCB,FVCBankcorp Inc,Financial,Banks - Regional,USA,190.79M,12.89,10.48,4.70%,812
GAP,"Gap, Inc",Consumer Cyclical,Apparel Retail,USA,7.60B,9.13,20.15,-2.94%,"2,331,984"
GASS,StealthGas Inc,Industrials,Marine Shipping,Greece,204.65M,2.85,5.57,0.00%,"15,377"
GBLI,Global Indemnity Group LLC,Financial,Insurance - Property & Casualty,USA,508.24M,11.44,35.65,-2.48%,"2,024"
GBX,"Greenbrier Cos., Inc",Industrials,Railroads,USA,1.71B,9.45,54.62,0.51%,"20,066"
GCT,GigaCloud Technology Inc,Technology,Software - Infrastructure,USA,601.22M,4.91,15.01,4.57%,"264,141"
GDEV,GDEV Inc,Communication Services,Electronic Gaming & Multimedia,Cyprus,270.51M,6.97,14.94,-2.35%,"5,319"
GES,Guess Inc,Consumer Cyclical,Apparel Retail,Switzerland,483.61M,7.08,9.40,1.39%,"174,103"
GFF,Griffon Corp,Industrials,Conglomerates,USA,3.26B,13.99,68.65,0.51%,"22,810"
GGAL,Grupo Financiero Galicia ADR,Financial,Banks - Regional,Argentina,7.77B,6.46,58.65,2.64%,"158,927"
GGB,Gerdau S.A. ADR,Basic Materials,Steel,Brazil,3.81B,7.67,2.93,4.82%,"1,724,909"
GHC,Graham Holdings Co,Consumer Defensive,Education & Training Services,USA,4.05B,5.65,932.16,3.59%,"4,298"
GHLD,Guild Holdings Co,Financial,Mortgage Finance,USA,813.64M,8.54,13.14,-0.20%,"5,036"
GIC,Global Industrial Co,Industrials,Industrial Distribution,USA,856.07M,14.16,22.34,1.11%,"9,949"
GIFI,"Gulf Island Fabrication, Inc",Industrials,Metal Fabrication,USA,100.77M,7.00,6.16,0.08%,"3,030"
GIII,G-III Apparel Group Ltd,Consumer Cyclical,Apparel Manufacturing,USA,1.15B,6.11,26.16,0.21%,"126,579"
GIS,"General Mills, Inc",Consumer Defensive,Packaged Foods,USA,32.85B,12.97,59.59,-0.44%,"1,031,896"
GL,Globe Life Inc,Financial,Insurance - Life,USA,10.30B,10.28,122.85,0.74%,"127,235"
GLDD,Great Lakes Dredge & Dock Corporation,Industrials,Engineering & Construction,USA,570.69M,10.04,8.48,8.19%,"155,329"
GLRE,Greenlight Capital Re Ltd,Financial,Insurance - Reinsurance,Cayman Islands,456.87M,10.71,13.22,0.44%,"18,230"
GM,General Motors Company,Consumer Cyclical,Auto Manufacturers,USA,48.27B,7.90,48.51,2.97%,"3,993,136"
GNK,Genco Shipping & Trading Limited,Industrials,Marine Shipping,USA,590.06M,7.88,13.80,-0.93%,"105,419"
GNW,Genworth Financial Inc,Financial,Insurance - Life,USA,2.74B,9.69,6.53,1.24%,"617,093"
GOGL,Golden Ocean Group Limited,Industrials,Marine Shipping,Bermuda,1.53B,6.85,7.66,-2.86%,"773,903"
GPI,"Group 1 Automotive, Inc",Consumer Cyclical,Auto & Truck Dealerships,USA,5.10B,10.49,384.70,-0.14%,"58,403"
GPK,Graphic Packaging Holding Co,Consumer Cyclical,Packaging & Containers,USA,7.88B,12.18,26.24,0.11%,"246,600"
GPRK,Geopark Limited,Energy,Oil & Gas E&P,Colombia,415.44M,4.14,8.12,3.84%,"184,662"
GRBK,Green Brick Partners Inc,Consumer Cyclical,Residential Construction,USA,2.55B,6.80,57.37,0.12%,"36,840"
GS,"Goldman Sachs Group, Inc",Financial,Capital Markets,USA,167.28B,13.22,536.10,2.15%,"895,624"
GSBC,"Great Southern Bancorp, Inc",Financial,Banks - Regional,USA,657.19M,10.77,56.67,1.31%,"1,911"
GSL,Global Ship Lease Inc,Industrials,Rental & Leasing Services,Greece,808.52M,2.36,22.93,-0.22%,"55,562"
GTN,Gray Media Inc,Communication Services,Broadcasting,USA,459.66M,1.30,4.32,2.61%,"403,437"
GTX,Garrett Motion Inc,Consumer Cyclical,Auto Parts,Switzerland,1.82B,6.99,8.86,2.13%,"76,832"
HAFC,Hanmi Financial Corp,Financial,Banks - Regional,USA,653.75M,10.55,21.65,1.64%,"20,606"
HAFN,Hafnia Ltd,Industrials,Marine Shipping,Singapore,2.14B,2.83,4.26,0.12%,"368,508"
HAL,Halliburton Co,Energy,Oil & Gas Equipment & Services,USA,21.48B,8.74,24.75,1.66%,"1,633,053"
HBAN,"Huntington Bancshares, Inc",Financial,Banks - Regional,USA,21.32B,11.97,14.60,2.21%,"2,876,043"
HBCP,Home Bancorp Inc,Financial,Banks - Regional,USA,358.24M,9.72,44.24,1.70%,"31,045"
HCA,HCA Healthcare Inc,Healthcare,Medical Care Facilities,USA,78.41B,14.48,318.48,1.17%,"167,564"
HCC,Warrior Met Coal Inc,Basic Materials,Coking Coal,USA,2.56B,10.17,48.72,0.86%,"93,188"
HDSN,"Hudson Technologies, Inc",Basic Materials,Specialty Chemicals,USA,264.15M,11.71,6.00,0.84%,"77,759"
HELE,Helen of Troy Ltd,Consumer Defensive,Household & Personal Products,Bermuda,1.16B,10.25,50.87,0.24%,"38,530"
HG,Hamilton Insurance Group Ltd,Financial,Insurance - Reinsurance,Bermuda,2.05B,5.30,20.18,-0.20%,"92,811"
HGBL,Heritage Global Inc,Financial,Capital Markets,USA,82.14M,7.98,2.20,5.25%,"217,869"
HIG,Hartford Insurance Group Inc.(The),Financial,Insurance - Property & Casualty,USA,33.46B,11.32,117.25,0.65%,"112,168"
HII,Huntington Ingalls Industries Inc,Industrials,Aerospace & Defense,USA,7.74B,14.14,197.27,0.90%,"134,914"
HLF,Herbalife Ltd,Consumer Defensive,Packaged Foods,USA,797.31M,3.16,7.88,-2.37%,"421,789"
HMC,Honda Motor ADR,Consumer Cyclical,Auto Manufacturers,Japan,45.30B,6.81,29.30,1.61%,"179,817"
HMY,Harmony Gold Mining Co Ltd ADR,Basic Materials,Gold,South Africa,7.57B,13.23,12.16,-0.37%,"1,355,084"
HNVR,Hanover Bancorp Inc,Financial,Banks - Regional,USA,162.54M,14.01,22.73,2.83%,771
HOG,"Harley-Davidson, Inc",Consumer Cyclical,Recreational Vehicles,USA,3.03B,7.31,24.31,0.45%,"275,277"
HOPE,Hope Bancorp Inc,Financial,Banks - Regional,USA,1.25B,12.61,10.38,1.12%,"65,840"
HOV,"Hovnanian Enterprises, Inc",Consumer Cyclical,Residential Construction,USA,605.41M,3.12,101.50,0.02%,"6,914"
HP,"Helmerich & Payne, Inc",Energy,Oil & Gas Drilling,USA,2.54B,8.46,25.58,3.02%,"157,979"
HPE,Hewlett Packard Enterprise Co,Technology,Communication Equipment,USA,20.15B,7.59,15.34,3.85%,"4,365,054"
HPQ,HP Inc,Technology,Computer Hardware,USA,26.71B,10.18,28.33,1.51%,"628,947"
HRB,H&R Block Inc,Consumer Cyclical,Personal Services,USA,6.67B,13.72,49.85,-0.22%,"128,651"
HRTG,Heritage Insurance Holdings Inc,Financial,Insurance - Property & Casualty,USA,419.12M,6.80,13.66,9.01%,"95,206"
HSBC,HSBC Holdings plc ADR,Financial,Banks - Diversified,United Kingdom,202.90B,9.26,57.01,2.47%,"727,648"
HTCR,HeartCore Enterprises Inc,Technology,Software - Application,Japan,19.17M,3.89,0.92,-2.57%,"22,191"
HY,Hyster Yale Inc,Industrials,Farm & Heavy Construction Machinery,USA,778.42M,5.46,43.99,1.09%,"3,681"
HZO,"Marinemax, Inc",Consumer Cyclical,Specialty Retail,USA,515.46M,9.53,22.70,-0.26%,"51,057"
IBEX,IBEX Ltd,Technology,Information Technology Services,USA,323.80M,11.56,24.55,0.72%,"17,752"
ICFI,"ICF International, Inc",Industrials,Consulting Services,USA,1.59B,14.84,86.47,-1.08%,"13,898"
ICMB,Investcorp Credit Management BDC Inc,Financial,Asset Management,USA,46.96M,10.87,3.26,-0.61%,"10,022"
IFS,Intercorp Financial Services Inc,Financial,Banks - Regional,Peru,3.81B,10.88,32.98,1.66%,"18,380"
IGT,International Game Technology PLC,Consumer Cyclical,Gambling,United Kingdom,3.35B,9.70,16.58,0.70%,"164,075"
IMO,Imperial Oil Ltd,Energy,Oil & Gas Integrated,Canada,34.13B,10.17,67.05,0.64%,"58,306"
IMPP,Imperial Petroleum Inc,Energy,Oil & Gas Midstream,Greece,75.33M,1.61,2.48,3.48%,"17,669"
IMXI,International Money Express Inc,Technology,Software - Infrastructure,USA,407.06M,7.39,13.28,2.47%,"31,934"
INBK,First Internet Bancorp,Financial,Banks - Regional,USA,231.60M,9.21,26.63,1.64%,851
INGR,Ingredion Inc,Consumer Defensive,Packaged Foods,USA,8.40B,13.48,130.83,0.22%,"40,834"
INSW,International Seaways Inc,Energy,Oil & Gas Midstream,USA,1.61B,3.89,32.65,0.77%,"124,205"
INVX,Innovex International Inc,Energy,Oil & Gas Equipment & Services,USA,1.24B,9.83,17.92,3.34%,"25,552"
IPG,"Interpublic Group Of Cos., Inc",Communication Services,Advertising Agencies,USA,9.79B,14.38,26.28,0.74%,"3,227,110"
ISTR,Investar Holding Corp,Financial,Banks - Regional,USA,167.24M,8.34,17.02,0.83%,537
ITUB,Itau Unibanco Holding S.A. ADR,Financial,Banks - Regional,Brazil,28.64B,7.68,5.95,3.93%,"4,396,548"
IVR,Invesco Mortgage Capital Inc,Real Estate,REIT - Mortgage,USA,527.18M,13.21,8.54,0.59%,"418,117"
IVZ,Invesco Ltd,Financial,Asset Management,USA,6.82B,12.87,15.23,1.91%,"444,911"
IX,Orix Corporation ADR,Financial,Financial Conglomerates,Japan,22.97B,9.20,21.11,0.98%,"23,131"
JAKK,Jakks Pacific Inc,Consumer Cyclical,Leisure,USA,272.03M,8.07,24.41,-0.18%,"12,078"
JBL,Jabil Inc,Technology,Electronic Components,USA,14.63B,12.82,133.60,2.37%,"160,604"
JD,JD.com Inc ADR,Consumer Cyclical,Internet Retail,China,59.64B,11.51,43.07,4.44%,"5,240,748"
JILL,J.Jill Inc,Consumer Cyclical,Apparel Retail,USA,284.26M,6.55,18.53,1.87%,"11,579"
JWN,"Nordstrom, Inc",Consumer Cyclical,Department Stores,USA,4.00B,14.04,24.22,0.00%,"750,959"
JXN,Jackson Financial Inc,Financial,Insurance - Life,USA,5.91B,7.11,81.34,2.49%,"112,431"
KB,KB Financial Group Inc ADR,Financial,Banks - Regional,South Korea,20.43B,5.84,54.68,1.22%,"24,075"
KBH,KB Home,Consumer Cyclical,Residential Construction,USA,4.27B,7.06,59.74,-0.25%,"134,305"
KEP,Korea Electric Power ADR,Utilities,Utilities - Regulated Electric,South Korea,9.87B,3.86,7.69,0.26%,"11,990"
KFY,Korn Ferry,Industrials,Staffing & Employment Services,USA,3.41B,14.20,66.06,-0.60%,"148,972"
KHC,Kraft Heinz Co,Consumer Defensive,Packaged Foods,USA,36.21B,13.38,30.30,0.36%,"1,430,142"
KINS,Kingstone Cos. Inc,Financial,Insurance - Property & Casualty,USA,204.50M,12.66,16.56,21.14%,"292,828"
KMPR,Kemper Corporation,Financial,Insurance - Property & Casualty,USA,4.27B,13.63,66.86,0.74%,"51,104"
KOP,Koppers Holdings Inc,Basic Materials,Specialty Chemicals,USA,590.98M,11.92,28.85,1.65%,"13,193"
KOS,Kosmos Energy Ltd,Energy,Oil & Gas E&P,USA,1.07B,5.68,2.24,3.70%,"1,034,561"
KRO,"Kronos Worldwide, Inc",Basic Materials,Specialty Chemicals,USA,915.69M,10.62,7.96,4.19%,"37,378"
KSS,Kohl's Corp,Consumer Cyclical,Department Stores,USA,889.99M,8.22,7.99,-2.62%,"5,196,531"
KTB,Kontoor Brands Inc,Consumer Cyclical,Apparel Manufacturing,USA,3.34B,13.81,60.29,1.31%,"106,216"
LAD,"Lithia Motors, Inc",Consumer Cyclical,Auto & Truck Dealerships,USA,7.67B,9.83,291.77,2.16%,"72,888"
LAUR,Laureate Education Inc,Consumer Defensive,Education & Training Services,USA,2.83B,9.67,18.77,1.54%,"45,418"
LBRT,Liberty Energy Inc,Energy,Oil & Gas Equipment & Services,USA,2.34B,7.72,14.39,1.84%,"385,101"
LDOS,Leidos Holdings Inc,Technology,Information Technology Services,USA,17.25B,14.57,134.55,1.27%,"124,913"
LEA,Lear Corp,Consumer Cyclical,Auto Parts,USA,5.09B,10.62,94.96,1.56%,"72,062"
LEN,Lennar Corp,Consumer Cyclical,Residential Construction,USA,30.71B,8.15,116.87,0.47%,"888,083"
LFT,Lument Finance Trust Inc,Real Estate,REIT - Mortgage,USA,143.21M,7.89,2.74,1.06%,"16,961"
LGCY,Legacy Education Inc,Consumer Defensive,Education & Training Services,USA,82.27M,12.80,6.64,2.86%,754
LGIH,LGI Homes Inc,Consumer Cyclical,Residential Construction,USA,1.65B,8.48,70.46,-0.23%,"94,070"
LNC,Lincoln National Corp,Financial,Insurance - Life,USA,6.01B,1.92,35.24,2.26%,"202,115"
LNKB,Linkbancorp Inc,Financial,Banks - Regional,USA,257.30M,9.74,6.89,2.91%,"10,197"
LOCO,El Pollo Loco Holdings Inc,Consumer Cyclical,Restaurants,USA,296.28M,11.64,9.95,0.71%,"51,743"
LOMA,Loma Negra Compania Industrial Argentina Sociedad Anonima ADR,Basic Materials,Building Materials,Argentina,1.26B,8.90,10.60,3.00%,"78,731"
LTM,LATAM Airlines Group S.A. ADR,Industrials,Airlines,Chile,9.59B,9.79,31.73,-0.41%,"75,693"
LZB,La-Z-Boy Inc,Consumer Cyclical,"Furnishings, Fixtures & Appliances",USA,1.60B,13.29,38.75,1.11%,"73,669"
M,Macy's Inc,Consumer Cyclical,Department Stores,USA,3.63B,6.34,13.09,-4.06%,"2,253,616"
MAT,"Mattel, Inc",Consumer Cyclical,Leisure,USA,6.51B,12.36,19.70,0.23%,"569,700"
MATX,Matson Inc,Industrials,Marine Shipping,USA,4.23B,9.17,128.75,-0.53%,"17,488"
MBC,MasterBrand Inc,Consumer Cyclical,"Furnishings, Fixtures & Appliances",USA,1.70B,13.83,13.32,2.49%,"92,949"
MBIN,Merchants Bancorp,Financial,Banks - Regional,USA,1.70B,5.87,37.09,1.26%,"7,172"
MBWM,Mercantile Bank Corp,Financial,Banks - Regional,USA,716.43M,8.95,44.14,1.08%,"6,832"
MCB,Metropolitan Bank Holding Corp,Financial,Banks - Regional,USA,602.79M,9.07,53.70,1.32%,"22,480"
MCY,Mercury General Corp,Financial,Insurance - Property & Casualty,USA,3.11B,6.64,56.15,1.20%,"74,420"
MEC,Mayville Engineering Company Inc,Industrials,Metal Fabrication,USA,289.35M,11.47,14.17,0.78%,"4,376"
MET,Metlife Inc,Financial,Insurance - Life,USA,54.00B,13.30,79.26,2.01%,"482,629"
METC,Ramaco Resources Inc,Basic Materials,Coking Coal,USA,496.13M,13.85,9.56,-0.63%,"156,749"
MFA,MFA Financial Inc,Real Estate,REIT - Mortgage,USA,1.10B,13.28,10.78,1.38%,"87,928"
MFC,Manulife Financial Corp,Financial,Insurance - Life,Canada,49.93B,13.95,28.98,1.99%,"190,776"
MFG,"Mizuho Financial Group, Inc. ADR",Financial,Banks - Regional,Japan,72.37B,12.42,5.74,2.41%,"224,825"
MFIN,Medallion Financial Corp,Financial,Credit Services,USA,203.71M,5.79,8.81,0.06%,"3,399"
MGA,Magna International Inc,Consumer Cyclical,Auto Parts,Canada,10.29B,10.39,36.52,2.93%,"234,313"
MGM,MGM Resorts International,Consumer Cyclical,Resorts & Casinos,USA,8.96B,13.13,31.39,4.06%,"958,735"
MHK,"Mohawk Industries, Inc",Consumer Cyclical,"Furnishings, Fixtures & Appliances",USA,7.09B,13.93,113.29,2.14%,"105,532"
MHO,MI Homes Inc,Consumer Cyclical,Residential Construction,USA,3.13B,5.86,115.57,0.64%,"20,587"
MITT,AG Mortgage Investment Trust Inc,Real Estate,REIT - Mortgage,USA,220.66M,6.03,7.44,1.50%,"28,862"
MKTW,Marketwise Inc,Financial,Financial Data & Stock Exchanges,USA,198.13M,3.41,0.61,7.11%,"106,096"
MLR,Miller Industries Inc,Consumer Cyclical,Auto Parts,USA,507.27M,8.08,44.34,0.69%,"31,355"
MMS,Maximus Inc,Industrials,Specialty Business Services,USA,3.79B,14.42,66.94,0.15%,"58,725"
MOMO,Hello Group Inc ADR,Communication Services,Internet Content & Information,China,941.32M,9.09,7.14,-0.49%,"606,653"
MPB,"Mid Penn Bancorp, Inc",Financial,Banks - Regional,USA,497.64M,8.87,25.71,0.86%,"11,759"
MPC,Marathon Petroleum Corp,Energy,Oil & Gas Refining & Marketing,USA,43.62B,14.09,140.03,2.20%,"250,075"
MRBK,Meridian Corp,Financial,Banks - Regional,USA,156.24M,9.59,13.90,0.94%,"22,098"
MRC,MRC Global Inc,Energy,Oil & Gas Equipment & Services,USA,890.79M,12.01,10.45,-5.94%,"479,703"
MRX,Marex Group Plc,Financial,Capital Markets,United Kingdom,2.28B,11.93,32.44,3.44%,"76,998"
MS,Morgan Stanley,Financial,Capital Markets,USA,185.03B,14.44,114.72,2.72%,"1,201,560"
MTDR,Matador Resources Co,Energy,Oil & Gas E&P,USA,5.96B,6.67,47.64,1.51%,"116,025"
MTH,Meritage Homes Corp,Consumer Cyclical,Residential Construction,USA,5.01B,6.51,69.78,0.53%,"128,362"
MTW,"Manitowoc Co., Inc",Industrials,Farm & Heavy Construction Machinery,USA,330.99M,6.02,9.42,1.63%,"20,980"
MTX,"Minerals Technologies, Inc",Basic Materials,Specialty Chemicals,USA,2.15B,13.06,67.54,1.52%,"25,171"
MUFG,"Mitsubishi UFJ Financial Group, Inc. ADR",Financial,Banks - Diversified,Japan,157.91B,12.44,13.61,3.36%,"4,164,351"
MUR,Murphy Oil Corp,Energy,Oil & Gas E&P,USA,3.71B,9.46,25.41,2.12%,"400,028"
MVBF,MVB Financial Corp,Financial,Banks - Regional,USA,223.05M,11.24,17.24,1.38%,"7,249"
NAT,Nordic American Tankers Ltd,Energy,Oil & Gas Midstream,Bermuda,525.15M,11.11,2.48,0.81%,"456,426"
NAVI,Navient Corp,Financial,Credit Services,USA,1.36B,11.37,13.28,2.00%,"82,787"
NCLH,Norwegian Cruise Line Holdings Ltd,Consumer Cyclical,Travel Services,USA,8.29B,10.64,18.85,1.72%,"2,563,164"
NCSM,NCS Multistage Holdings Inc,Energy,Oil & Gas Equipment & Services,USA,69.39M,10.82,27.31,-2.46%,"6,398"
NE,Noble Corp Plc,Energy,Oil & Gas Drilling,USA,3.71B,7.81,23.31,3.79%,"363,863"
NECB,NorthEast Community Bancorp Inc,Financial,Banks - Regional,USA,321.35M,6.40,22.92,1.55%,"1,053"
NEWT,NewtekOne Inc,Financial,Banks - Regional,USA,320.58M,6.26,12.19,1.14%,"11,575"
NEXN,Nexxen International Ltd,Communication Services,Advertising Agencies,Israel,463.33M,14.28,7.26,-4.22%,"268,474"
NLY,Annaly Capital Management Inc,Real Estate,REIT - Mortgage,USA,12.42B,13.58,21.48,1.78%,"1,312,514"
NMM,Navios Maritime Partners L.P,Industrials,Marine Shipping,Monaco,1.18B,3.29,39.45,0.33%,"18,331"
NMR,Nomura Holdings Inc. ADR,Financial,Capital Markets,Japan,18.72B,9.07,6.34,2.34%,"86,645"
NOA,North American Construction Group Ltd,Energy,Oil & Gas Equipment & Services,Canada,454.50M,12.72,16.94,5.94%,"17,469"
NOAH,Noah Holdings Ltd ADR,Financial,Asset Management,China,745.04M,2.11,11.11,4.56%,"15,468"
NOG,Northern Oil and Gas Inc,Energy,Oil & Gas E&P,USA,2.88B,5.64,29.03,2.49%,"177,183"
NOMD,Nomad Foods Limited,Consumer Defensive,Packaged Foods,United Kingdom,2.96B,12.70,19.31,-0.57%,"54,627"
NOV,NOV Inc,Energy,Oil & Gas Equipment & Services,USA,5.41B,8.83,14.19,1.47%,"500,503"
NPKI,NPK International Inc,Energy,Oil & Gas Equipment & Services,USA,526.44M,11.69,6.08,2.22%,"470,668"
NTRS,Northern Trust Corp,Financial,Asset Management,USA,18.95B,9.91,96.84,0.78%,"160,845"
NVGS,Navigator Holdings Ltd,Energy,Oil & Gas Midstream,United Kingdom,947.63M,12.15,13.65,-0.69%,"86,475"
NWG,NatWest Group Plc ADR,Financial,Banks - Regional,United Kingdom,46.69B,8.53,11.60,-0.68%,"4,721,531"
NWPX,Northwest Pipe Co,Industrials,Metal Fabrication,USA,405.56M,11.99,40.82,1.22%,"17,123"
NXST,Nexstar Media Group Inc,Communication Services,Broadcasting,USA,5.15B,7.63,168.79,0.14%,"58,025"
OBK,Origin Bancorp Inc,Financial,Banks - Regional,USA,1.09B,14.29,35.05,1.18%,"17,252"
OBT,Orange County Bancorp Inc,Financial,Banks - Regional,USA,274.23M,11.18,24.06,1.93%,"1,843"
OCFC,OceanFirst Financial Corp,Financial,Banks - Regional,USA,1.01B,10.44,17.18,2.38%,"40,242"
OGN,Organon & Co,Healthcare,Drug Manufacturers - General,USA,3.90B,4.54,15.13,1.14%,"614,815"
OII,"Oceaneering International, Inc",Energy,Oil & Gas Equipment & Services,USA,2.01B,13.85,19.96,2.04%,"116,323"
OMC,"Omnicom Group, Inc",Communication Services,Advertising Agencies,USA,15.80B,10.79,80.41,1.17%,"1,440,292"
OMF,OneMain Holdings Inc,Financial,Credit Services,USA,5.62B,11.12,47.11,3.88%,"196,273"
ONIT,Onity Group Inc,Financial,Mortgage Finance,USA,237.01M,7.36,30.10,1.70%,"2,434"
OPAL,OPAL Fuels Inc,Utilities,Utilities - Regulated Gas,USA,359.49M,11.91,2.08,-4.15%,"107,411"
OPBK,OP Bancorp,Financial,Banks - Regional,USA,183.42M,8.90,12.38,-0.29%,"14,861"
OPHC,Optimumbank Holdings Inc,Financial,Banks - Regional,USA,52.18M,3.34,4.44,0.23%,"4,390"
ORI,Old Republic International Corp,Financial,Insurance - Property & Casualty,USA,9.14B,11.39,36.81,0.60%,"84,721"
OSK,Oshkosh Corp,Industrials,Farm & Heavy Construction Machinery,USA,6.16B,9.22,95.40,0.40%,"175,589"
OTEX,Open Text Corp,Technology,Software - Application,Canada,6.80B,10.49,25.76,2.60%,"256,034"
OVV,Ovintiv Inc,Energy,Oil & Gas E&P,USA,10.38B,9.50,39.88,3.04%,"478,705"
OZK,Bank OZK,Financial,Banks - Regional,USA,4.95B,7.11,43.66,1.68%,"107,062"
PAG,Penske Automotive Group Inc,Consumer Cyclical,Auto & Truck Dealerships,USA,9.84B,10.73,147.47,-1.05%,"53,328"
PAGS,PagSeguro Digital Ltd,Technology,Software - Infrastructure,Brazil,2.56B,6.43,7.78,3.87%,"658,903"
PANL,Pangaea Logistics Solutions Ltd,Industrials,Marine Shipping,USA,360.65M,11.82,5.55,14.71%,"267,234"
PBR,Petroleo Brasileiro S.A. Petrobras ADR,Energy,Oil & Gas Integrated,Brazil,48.91B,11.72,13.15,3.26%,"3,495,432"
PBR-A,Petroleo Brasileiro S.A. Petrobras ADR,Energy,Oil & Gas Integrated,Brazil,32.22B,10.86,12.18,2.87%,"1,660,124"
PBYI,Puma Biotechnology Inc,Healthcare,Biotechnology,USA,168.43M,5.56,3.39,1.65%,"32,672"
PCAR,Paccar Inc,Industrials,Farm & Heavy Construction Machinery,USA,51.95B,12.52,99.00,0.58%,"600,919"
PCB,PCB Bancorp,Financial,Banks - Regional,USA,271.92M,10.97,19.06,2.86%,399
PCG,PG&E Corp,Utilities,Utilities - Regulated Electric,USA,36.23B,14.32,16.52,0.71%,"1,977,079"
PDS,Precision Drilling Corp,Energy,Oil & Gas Drilling,Canada,612.44M,7.98,44.90,3.53%,"15,823"
PEBO,"Peoples Bancorp, Inc. (Marietta, OH)",Financial,Banks - Regional,USA,1.05B,8.91,29.54,1.17%,"10,656"
PFG,Principal Financial Group Inc,Financial,Asset Management,USA,18.42B,12.23,81.65,1.38%,"93,118"
PHI,PLDT Inc ADR,Communication Services,Telecom Services,Philippines,5.07B,8.97,23.45,-0.19%,"6,849"
PHM,PulteGroup Inc,Consumer Cyclical,Residential Construction,USA,20.64B,6.93,101.95,0.85%,"263,075"
PK,Park Hotels & Resorts Inc,Real Estate,REIT - Hotel & Motel,USA,2.26B,11.03,11.20,2.77%,"755,025"
PKOH,Park-Ohio Holdings Corp,Industrials,Specialty Industrial Machinery,USA,310.95M,7.59,21.85,2.68%,710
PLAB,"Photronics, Inc",Technology,Semiconductor Equipment & Materials,USA,1.35B,9.02,21.24,2.29%,"93,429"
PLAY,Dave & Buster's Entertainment Inc,Communication Services,Entertainment,USA,665.14M,8.53,17.27,-0.89%,"274,284"
PLOW,Douglas Dynamics Inc,Consumer Cyclical,Auto Parts,USA,563.90M,10.48,24.42,1.19%,"10,404"
PLTK,Playtika Holding Corp,Communication Services,Electronic Gaming & Multimedia,Israel,1.74B,10.64,4.64,0.32%,"258,413"
PMT,Pennymac Mortgage Investment Trust,Real Estate,REIT - Mortgage,USA,1.25B,10.84,14.43,1.19%,"49,908"
PNC,PNC Financial Services Group Inc,Financial,Banks - Regional,USA,67.82B,12.46,171.36,1.49%,"235,413"
POR,Portland General Electric Co,Utilities,Utilities - Regulated Electric,USA,4.87B,14.71,44.44,0.29%,"132,314"
POWL,"Powell Industries, Inc",Industrials,Electrical Equipment & Parts,USA,2.09B,13.14,173.00,3.80%,"54,046"
PPC,Pilgrim's Pride Corp,Consumer Defensive,Packaged Foods,USA,12.05B,11.12,50.80,1.05%,"193,539"
PRA,Proassurance Corporation,Financial,Insurance - Property & Casualty,USA,785.77M,14.91,15.36,0.07%,"12,656"
PRAA,PRA Group Inc,Financial,Credit Services,USA,749.50M,10.63,18.97,0.80%,"24,727"
PRG,PROG Holdings Inc,Industrials,Rental & Leasing Services,USA,1.08B,5.78,26.34,0.61%,"74,194"
PRKS,United Parks & Resorts Inc,Consumer Cyclical,Leisure,USA,2.54B,11.95,46.19,1.16%,"123,594"
PRU,Prudential Financial Inc,Financial,Insurance - Life,USA,37.77B,14.27,106.69,1.58%,"189,625"
PSHG,Performance Shipping Inc,Industrials,Marine Shipping,Greece,18.90M,1.40,1.52,-0.62%,"5,283"
PSIX,Power Solutions International Inc,Industrials,Specialty Industrial Machinery,USA,698.04M,12.84,30.35,5.60%,"67,624"
PVH,PVH Corp,Consumer Cyclical,Apparel Manufacturing,USA,3.52B,5.14,63.19,-1.23%,"228,275"
PXS,Pyxis Tankers Inc,Energy,Oil & Gas Midstream,Greece,35.86M,4.26,3.37,2.74%,"11,189"
QSG,QuantaSing Group Ltd ADR,Consumer Defensive,Education & Training Services,China,93.74M,2.57,2.71,-1.45%,"43,872"
R,"Ryder System, Inc",Industrials,Rental & Leasing Services,USA,5.70B,12.37,136.51,0.10%,"79,404"
RBB,RBB Bancorp,Financial,Banks - Regional,USA,303.62M,11.74,17.16,2.08%,546
RCI,Rogers Communications Inc,Communication Services,Telecom Services,Canada,15.02B,11.88,28.02,0.61%,"54,119"
RCKY,"Rocky Brands, Inc",Consumer Cyclical,Footwear & Accessories,USA,138.04M,12.19,18.52,1.09%,"3,904"
REI,Ring Energy Inc,Energy,Oil & Gas E&P,USA,231.95M,3.45,1.16,2.65%,"349,765"
REPX,Riley Exploration Permian Inc,Energy,Oil & Gas E&P,USA,610.54M,6.67,28.39,1.98%,"8,525"
RES,"RPC, Inc",Energy,Oil & Gas Equipment & Services,USA,1.15B,12.51,5.30,1.43%,"196,386"
REYN,Reynolds Consumer Products Inc,Consumer Cyclical,Packaging & Containers,USA,4.89B,13.88,23.29,-0.43%,"63,565"
RIO,Rio Tinto plc ADR,Basic Materials,Other Industrial Metals & Mining,United Kingdom,78.13B,8.86,62.32,1.83%,"639,763"
RITM,Rithm Capital Corporation,Real Estate,REIT - Mortgage,USA,6.04B,6.95,11.60,1.53%,"336,886"
RJF,"Raymond James Financial, Inc",Financial,Asset Management,USA,29.10B,13.87,141.99,1.56%,"181,907"
RM,Regional Management Corp,Financial,Credit Services,USA,291.02M,7.12,29.60,2.14%,"1,565"
RMR,RMR Group Inc,Real Estate,Real Estate Services,USA,547.09M,12.98,17.18,1.60%,"60,838"
RNR,RenaissanceRe Holdings Ltd,Financial,Insurance - Reinsurance,Bermuda,11.67B,6.75,236.96,0.31%,"49,170"
RNST,Renasant Corp,Financial,Banks - Regional,USA,2.15B,10.36,33.74,1.35%,"39,011"
ROCK,Gibraltar Industries Inc,Industrials,Building Products & Equipment,USA,1.97B,14.55,64.99,2.88%,"80,347"
RUSHA,Rush Enterprises Inc,Consumer Cyclical,Auto & Truck Dealerships,USA,4.19B,14.17,52.80,1.52%,"39,831"
RY,Royal Bank Of Canada,Financial,Banks - Diversified,Canada,156.13B,12.42,110.53,1.58%,"170,588"
RYAAY,Ryanair Holdings Plc ADR,Industrials,Airlines,Ireland,24.92B,14.31,46.72,0.69%,"650,439"
SAH,"Sonic Automotive, Inc",Consumer Cyclical,Auto & Truck Dealerships,USA,1.99B,9.49,58.62,-1.76%,"23,748"
SAN,Banco Santander S.A. ADR,Financial,Banks - Diversified,Spain,101.54B,8.05,6.71,3.99%,"2,028,471"
SB,"Safe Bulkers, Inc",Industrials,Marine Shipping,Monaco,396.34M,4.53,3.77,0.40%,"117,820"
SBFG,SB Financial Group Inc,Financial,Banks - Regional,USA,125.27M,11.18,19.17,-0.05%,"2,760"
SBGI,Sinclair Inc,Communication Services,Broadcasting,USA,974.44M,3.16,14.66,1.88%,"56,209"
SBH,Sally Beauty Holdings Inc,Consumer Cyclical,Specialty Retail,USA,922.65M,5.43,9.05,0.89%,"588,523"
SBLK,Star Bulk Carriers Corp,Industrials,Marine Shipping,Greece,1.94B,5.70,16.32,-0.52%,"806,979"
SBSI,Southside Bancshares Inc,Financial,Banks - Regional,USA,885.55M,10.00,29.14,1.01%,"2,716"
SCS,"Steelcase, Inc",Consumer Cyclical,"Furnishings, Fixtures & Appliances",USA,1.24B,11.42,10.91,1.09%,"66,687"
SCSC,"Scansource, Inc",Technology,Electronics & Computer Distribution,USA,840.70M,14.11,35.83,1.67%,"15,110"
SCVL,"Shoe Carnival, Inc",Consumer Cyclical,Apparel Retail,USA,594.82M,8.05,21.89,1.85%,"69,554"
SDHC,Smith Douglas Homes Corp,Real Estate,Real Estate - Development,USA,817.74M,10.64,19.27,0.47%,"10,682"
SDRL,Seadrill Ltd,Energy,Oil & Gas Drilling,Bermuda,1.50B,3.80,24.23,2.41%,"129,452"
SEM,Select Medical Holdings Corporation,Healthcare,Medical Care Facilities,USA,2.16B,10.09,16.74,0.95%,"292,635"
SHBI,Shore Bancshares Inc,Financial,Banks - Regional,USA,450.91M,10.26,13.52,1.58%,"37,173"
SHEL,Shell Plc ADR,Energy,Oil & Gas Integrated,United Kingdom,205.82B,13.61,68.23,0.72%,"917,824"
SHG,Shinhan Financial Group Co. Ltd. ADR,Financial,Banks - Regional,South Korea,15.84B,5.11,31.76,0.41%,"30,524"
SHIP,Seanergy Maritime Holdings Corp,Industrials,Marine Shipping,Greece,149.44M,3.46,7.25,-1.09%,"60,838"
SHOO,Steven Madden Ltd,Consumer Cyclical,Footwear & Accessories,USA,1.83B,10.74,25.28,-1.57%,"354,843"
SIG,Signet Jewelers Ltd,Consumer Cyclical,Luxury Goods,Bermuda,2.05B,5.41,47.03,1.32%,"127,831"
SKM,SK Telecom Co Ltd ADR,Communication Services,Telecom Services,South Korea,8.15B,9.00,21.26,-1.07%,"56,026"
SKX,"Skechers U S A, Inc",Consumer Cyclical,Footwear & Accessories,USA,8.43B,13.60,56.45,0.86%,"313,241"
SKYW,Skywest Inc,Industrials,Airlines,USA,3.45B,11.01,85.57,1.99%,"56,871"
SLB,Schlumberger Ltd,Energy,Oil & Gas Equipment & Services,USA,55.77B,13.20,41.01,2.72%,"2,916,024"
SLF,"Sun Life Financial, Inc",Financial,Insurance - Diversified,Canada,31.46B,14.29,54.92,1.13%,"36,266"
SLVM,Sylvamo Corp,Basic Materials,Paper & Paper Products,USA,2.62B,8.98,64.65,1.58%,"32,132"
SM,SM Energy Co,Energy,Oil & Gas E&P,USA,3.35B,4.39,29.27,1.76%,"260,017"
SMBK,SmartFinancial Inc,Financial,Banks - Regional,USA,536.73M,14.81,31.71,2.06%,664
SMFG,Sumitomo Mitsui Financial Group Inc ADR,Financial,Banks - Diversified,Japan,101.87B,12.08,15.89,2.62%,"211,181"
SMP,"Standard Motor Products, Inc",Consumer Cyclical,Auto Parts,USA,574.09M,10.88,26.26,0.31%,"21,837"
SNCY,Sun Country Airlines Holdings Inc,Industrials,Airlines,USA,680.95M,13.39,12.81,0.00%,"158,344"
SNEX,StoneX Group Inc,Financial,Capital Markets,USA,3.53B,13.17,110.14,2.67%,"13,542"
SNV,Synovus Financial Corp,Financial,Banks - Regional,USA,6.37B,14.81,45.17,2.23%,"232,456"
SPFI,South Plains Financial Inc,Financial,Banks - Regional,USA,538.64M,11.20,32.67,0.91%,"1,140"
SRTS,Sensus Healthcare Inc,Healthcare,Medical Devices,USA,74.97M,11.18,4.55,2.60%,"15,443"
SSBK,Southern States Bancshares Inc,Financial,Banks - Regional,USA,318.29M,8.79,32.20,1.26%,380
SSP,E.W. Scripps Co,Communication Services,Broadcasting,USA,232.79M,2.72,2.68,-1.65%,"875,043"
STLA,Stellantis N.V,Consumer Cyclical,Auto Manufacturers,Netherlands,34.90B,6.24,12.18,2.98%,"4,631,050"
STLD,Steel Dynamics Inc,Basic Materials,Steel,USA,18.93B,12.88,126.06,2.28%,"154,451"
STM,ST Microelectronics,Technology,Semiconductors,Netherlands,21.84B,14.80,24.54,2.61%,"923,643"
STNG,Scorpio Tankers Inc,Energy,Oil & Gas Midstream,Monaco,1.95B,2.99,39.02,0.67%,"87,344"
STRL,Sterling Infrastructure Inc,Industrials,Engineering & Construction,USA,3.72B,14.71,121.65,3.26%,"72,286"
STRT,Strattec Security Corp,Consumer Cyclical,Auto Parts,USA,186.43M,11.16,44.69,2.02%,"4,442"
STT,State Street Corp,Financial,Asset Management,USA,24.92B,10.49,86.38,2.26%,"363,504"
SU,"Suncor Energy, Inc",Energy,Oil & Gas Integrated,Canada,44.81B,10.50,36.22,1.12%,"414,803"
SUN,Sunoco LP,Energy,Oil & Gas Refining & Marketing,USA,8.88B,8.79,58.16,1.27%,"23,045"
SUPV,Grupo Supervielle S.A. ADR,Financial,Banks - Regional,Argentina,1.08B,7.59,13.66,4.12%,"208,924"
SXC,SunCoke Energy Inc,Basic Materials,Coking Coal,USA,782.03M,8.25,9.27,1.21%,"76,137"
SYF,Synchrony Financial,Financial,Credit Services,USA,20.39B,6.15,52.46,1.07%,"1,147,303"
TAP,Molson Coors Beverage Company,Consumer Defensive,Beverages - Brewers,USA,12.00B,11.06,59.17,0.70%,"192,724"
TCBX,Third Coast Bancshares Inc,Financial,Banks - Regional,USA,447.93M,12.98,32.49,2.54%,"4,707"
TDW,Tidewater Inc,Energy,Oil & Gas Equipment & Services,USA,2.08B,11.89,40.49,1.39%,"127,789"
TEN,Tsakos Energy Navigation Limited,Energy,Oil & Gas Midstream,Greece,476.70M,2.95,16.16,1.93%,"67,429"
TEX,Terex Corp,Industrials,Farm & Heavy Construction Machinery,USA,2.66B,8.08,40.00,2.14%,"102,435"
TGNA,TEGNA Inc,Communication Services,Broadcasting,USA,2.80B,4.94,17.51,0.75%,"121,232"
TGT,Target Corp,Consumer Defensive,Discount Stores,USA,47.38B,11.74,104.00,-0.48%,"1,661,838"
THC,Tenet Healthcare Corp,Healthcare,Medical Care Facilities,USA,11.49B,3.75,120.81,1.08%,"196,357"
THFF,First Financial Corp. - Indiana,Financial,Banks - Regional,USA,579.16M,12.21,48.86,0.53%,"5,933"
THG,Hanover Insurance Group Inc,Financial,Insurance - Property & Casualty,USA,5.96B,14.21,165.96,-0.26%,"18,944"
THRM,Gentherm Inc,Consumer Cyclical,Auto Parts,USA,931.68M,14.66,30.26,0.36%,"26,002"
TILE,Interface Inc,Consumer Cyclical,"Furnishings, Fixtures & Appliances",USA,1.11B,13.00,19.10,1.70%,"77,069"
TIMB,TIM SA ADR,Communication Services,Telecom Services,Brazil,7.23B,12.48,14.94,2.40%,"66,341"
TKR,Timken Co,Industrials,Tools & Accessories,USA,5.17B,14.82,73.86,1.67%,"29,378"
TLK,Telkom Indonesia (Persero) Tbk PT ADR,Communication Services,Telecom Services,Indonesia,14.77B,10.22,14.90,-0.43%,"60,501"
TM,Toyota Motor Corporation ADR,Consumer Cyclical,Auto Manufacturers,Japan,243.31B,7.38,186.01,1.66%,"55,456"
TMHC,Taylor Morrison Home Corp,Consumer Cyclical,Residential Construction,USA,5.83B,6.91,57.26,-1.42%,"290,808"
TNK,Teekay Tankers Ltd,Energy,Oil & Gas Midstream,Bermuda,1.27B,3.27,37.02,0.73%,"67,586"
TNL,Travel+Leisure Co,Consumer Cyclical,Travel Services,USA,3.18B,8.87,47.61,2.12%,"96,475"
TOL,Toll Brothers Inc,Consumer Cyclical,Residential Construction,USA,10.30B,7.13,103.54,0.50%,"219,229"
TPH,Tri Pointe Homes Inc,Consumer Cyclical,Residential Construction,USA,2.86B,6.46,31.21,0.19%,"79,626"
TRMD,Torm Plc,Energy,Oil & Gas Midstream,United Kingdom,1.75B,2.81,18.02,2.18%,"331,208"
TRTX,TPG RE Finance Trust Inc,Real Estate,REIT - Mortgage,USA,692.18M,11.51,8.55,1.12%,"42,487"
TRV,Travelers Companies Inc,Financial,Insurance - Property & Casualty,USA,58.62B,12.04,258.55,1.02%,"149,677"
TS,Tenaris S.A. ADR,Energy,Oil & Gas Equipment & Services,Luxembourg,21.01B,10.58,38.12,3.14%,"212,560"
TTE,TotalEnergies SE ADR,Energy,Oil & Gas Integrated,France,131.23B,9.28,62.56,0.99%,"308,520"
TTI,"Tetra Technologies, Inc",Energy,Oil & Gas Equipment & Services,USA,442.20M,4.10,3.34,2.77%,"111,514"
TWO,Two Harbors Investment Corp,Real Estate,REIT - Mortgage,USA,1.41B,6.49,13.56,1.39%,"94,501"
UAL,United Airlines Holdings Inc,Industrials,Airlines,USA,23.43B,7.59,71.57,2.39%,"1,718,327"
UBCP,"United Bancorp, Inc. (Martins Ferry, OH)",Financial,Banks - Regional,USA,74.62M,10.09,12.89,-0.92%,336
UFCS,United Fire Group Inc,Financial,Insurance - Property & Casualty,USA,720.58M,11.90,28.39,0.82%,"9,691"
UGI,UGI Corp,Utilities,Utilities - Regulated Gas,USA,7.01B,12.82,32.63,2.03%,"249,834"
UGP,Ultrapar Participacoes S.A. ADR,Energy,Oil & Gas Refining & Marketing,Brazil,3.21B,7.67,2.97,4.58%,"282,676"
UHS,"Universal Health Services, Inc",Healthcare,Medical Care Facilities,USA,10.97B,10.03,168.77,2.91%,"115,286"
ULH,Universal Logistics Holdings Inc,Industrials,Trucking,USA,690.32M,5.32,26.23,1.04%,"7,183"
ULTA,Ulta Beauty Inc,Consumer Cyclical,Specialty Retail,USA,15.93B,13.74,343.45,9.22%,"1,146,904"
UNM,Unum Group,Financial,Insurance - Life,USA,13.77B,8.23,77.89,0.96%,"211,584"
UPBD,Upbound Group Inc,Technology,Software - Application,USA,1.39B,10.95,24.17,2.45%,"62,795"
URBN,"Urban Outfitters, Inc",Consumer Cyclical,Apparel Retail,USA,4.51B,11.45,48.88,-1.99%,"248,162"
USB,U.S. Bancorp,Financial,Banks - Regional,USA,64.76B,10.98,41.57,1.58%,"1,661,984"
USNA,Usana Health Sciences Inc,Consumer Defensive,Packaged Foods,USA,563.50M,13.61,29.81,-1.85%,"10,483"
UVE,Universal Insurance Holdings Inc,Financial,Insurance - Property & Casualty,USA,598.02M,10.70,21.28,-0.21%,"40,990"
UVSP,Univest Financial Corp,Financial,Banks - Regional,USA,813.79M,10.85,28.06,1.26%,"3,253"
VAC,Marriott Vacations Worldwide Corp,Consumer Cyclical,Resorts & Casinos,USA,2.33B,11.84,66.62,0.33%,"49,031"
VAL,Valaris Ltd,Energy,Oil & Gas Equipment & Services,Bermuda,2.66B,7.30,37.50,3.26%,"217,663"
VALE,Vale S.A. ADR,Basic Materials,Other Industrial Metals & Mining,Brazil,41.85B,6.90,9.81,4.09%,"11,478,044"
VBNK,VersaBank,Financial,Banks - Regional,Canada,332.19M,10.86,10.22,3.39%,"13,038"
VBTX,Veritex Holdings Inc,Financial,Banks - Regional,USA,1.32B,12.39,24.18,1.40%,"20,934"
VC,Visteon Corp,Consumer Cyclical,Auto Parts,USA,2.20B,8.29,81.33,0.69%,"33,817"
VEL,Velocity Financial Inc,Financial,Mortgage Finance,USA,664.15M,10.34,19.52,0.13%,"3,651"
VIPS,Vipshop Holdings Ltd ADR,Consumer Cyclical,Internet Retail,China,7.35B,8.49,16.90,0.89%,"612,110"
VIRC,Virco Manufacturing Corp,Consumer Cyclical,"Furnishings, Fixtures & Appliances",USA,162.40M,6.47,9.97,2.26%,"8,863"
VIV,"Telefonica Brasil S.A., ADR",Communication Services,Telecom Services,Brazil,14.31B,14.18,8.80,3.04%,"323,312"
VLRS,Controladora Vuela Cia De Aviacion ADR,Industrials,Airlines,Mexico,629.46M,5.02,5.47,3.11%,"224,107"
VLY,Valley National Bancorp,Financial,Banks - Regional,USA,4.85B,12.54,8.66,1.23%,"846,773"
VNCE,Vince Holding Corp,Consumer Cyclical,Apparel Manufacturing,USA,25.97M,5.70,2.06,-0.48%,"8,950"
VNT,Vontier Corporation,Technology,Scientific & Technical Instruments,USA,4.87B,11.92,32.75,2.02%,"114,339"
VOD,Vodafone Group plc ADR,Communication Services,Telecom Services,United Kingdom,23.89B,9.33,9.55,0.53%,"4,042,017"
VOYA,Voya Financial Inc,Financial,Financial Conglomerates,USA,6.30B,10.77,65.91,1.24%,"77,055"
VRTS,Virtus Investment Partners Inc,Financial,Asset Management,USA,1.19B,10.06,170.08,1.27%,"2,211"
VSCO,Victoria's Secret & Co,Consumer Cyclical,Apparel Retail,USA,1.43B,9.27,18.22,3.26%,"1,384,897"
VTOL,Bristow Group Inc,Energy,Oil & Gas Equipment & Services,USA,892.17M,9.74,31.16,0.45%,"2,217"
VTSI,VirTra Inc,Technology,Software - Application,USA,57.84M,9.79,5.14,3.63%,"22,960"
VZ,Verizon Communications Inc,Communication Services,Telecom Services,USA,181.65B,10.41,43.15,-1.28%,"4,268,785"
WAFD,WaFd Inc,Financial,Banks - Regional,USA,2.29B,13.00,28.14,1.30%,"48,994"
WAL,Western Alliance Bancorp,Financial,Banks - Regional,USA,8.39B,10.72,75.98,1.64%,"103,108"
WB,Weibo Corp ADR,Communication Services,Internet Content & Information,China,1.64B,9.29,10.57,1.43%,"665,634"
WCC,"Wesco International, Inc",Industrials,Industrial Distribution,USA,7.89B,12.36,161.64,1.99%,"68,700"
WDC,Western Digital Corp,Technology,Computer Hardware,USA,15.35B,10.53,44.13,5.00%,"1,677,817"
WDH,Waterdrop Inc ADR,Financial,Insurance - Diversified,China,403.64M,10.31,1.39,-7.20%,"540,525"
WF,Woori Financial Group Inc ADR,Financial,Banks - Regional,South Korea,8.18B,3.81,33.17,1.14%,"5,561"
WFC,Wells Fargo & Co,Financial,Banks - Diversified,USA,230.43B,13.04,70.08,2.36%,"4,088,209"
WFRD,Weatherford International plc,Energy,Oil & Gas Equipment & Services,USA,3.84B,7.81,52.75,1.65%,"127,385"
WLKP,Westlake Chemical Partners LP,Basic Materials,Chemicals,USA,826.52M,13.25,23.45,0.11%,"9,708"
WPP,WPP Plc. ADR,Communication Services,Advertising Agencies,United Kingdom,8.63B,12.65,40.03,-1.31%,"74,922"
WRB,W.R. Berkley Corp,Financial,Insurance - Property & Casualty,USA,23.69B,14.33,62.48,0.99%,"160,882"
WRLD,World Acceptance Corp,Financial,Credit Services,USA,687.87M,8.47,119.70,2.42%,"1,509"
WS,Worthington Steel Inc,Basic Materials,Steel,USA,1.34B,9.10,26.44,2.14%,"27,339"
WTBA,West Bancorporation,Financial,Banks - Regional,USA,344.06M,14.33,20.44,1.89%,300
WTFC,Wintrust Financial Corp,Financial,Banks - Regional,USA,7.30B,10.62,109.47,1.59%,"36,755"
WU,Western Union Company,Financial,Credit Services,USA,3.61B,3.90,10.70,1.49%,"864,549"
XOM,Exxon Mobil Corp,Energy,Oil & Gas Integrated,USA,479.15B,14.07,110.43,1.61%,"2,815,728"
XYZ,Block Inc,Technology,Software - Infrastructure,USA,35.30B,12.52,56.99,5.45%,"2,828,182"
YALA,Yalla Group Limited ADR,Technology,Software - Application,United Arab Emirates,633.09M,6.36,4.72,-1.67%,"251,782"
ZION,Zions Bancorporation N.A,Financial,Banks - Regional,USA,7.10B,9.68,47.98,2.10%,"170,503"
